{"a": {"size": "1\" x 1\"", "en": [20, 50, 100, 200, 500, 1000, 2000, 4000], "abs_eff": [99.8, 100.0, 100.0, 96.39999999999999, 69.1, 51.7, 44.6, 36.3], "ph_eff": [65.83166332665331, 82.0, 94.3, 93.3609958506224, 53.54558610709117, 30.947775628626694, 13.901345291479823, 7.43801652892562]}, "b": {"size": "2\" x 2\"", "en": [20, 50, 100, 200, 500, 1000, 2000, 4000], "abs_eff": [100.0, 100.0, 100.0, 99.9, 90.2, 81.2, 66.10000000000001, 58.9], "ph_eff": [69.3, 79.5, 94.1, 96.7967967967968, 74.39024390243902, 53.07881773399015, 33.58547655068079, 20.37351443123939]}, "c": {"size": "3\" x 3\"", "en": [20, 50, 100, 200, 500, 1000, 2000, 4000], "abs_eff": [99.8, 100.0, 99.8, 100.0, 96.8, 89.5, 81.10000000000001, 73.7], "ph_eff": [68.03607214428857, 80.30000000000001, 93.28657314629258, 97.8, 85.53719008264463, 65.69832402234637, 52.15782983970407, 35.549525101763905]}}