{"q_52_1": {"size": "5.1 x 5.1 x 1 cm", "en": [20, 50, 100, 200, 500, 1000, 2000, 4000], "abs_eff": [99.94, 99.97, 99.79, 75.03999999999999, 37.62, 27.05, 19.28, 16.66], "ph_eff": [68.8713227936762, 80.19405821746524, 94.01743661689548, 88.03304904051173, 43.354598617756515, 24.140480591497226, 14.937759336099585, 5.942376950780312]}, "q_52_2": {"size": "5.1 x 5.1 x 2 cm", "en": [20, 50, 100, 200, 500, 1000, 2000, 4000], "abs_eff": [99.85000000000001, 99.9, 99.89, 93.56, 60.61, 44.72, 35.22, 30.669999999999998], "ph_eff": [67.42113169754631, 79.3993993993994, 93.69306236860547, 94.13210773834973, 58.78567893086949, 35.26386404293381, 22.458830210107894, 11.640039126181936]}, "q_52_2.54": {"size": "5.1 x 5.1 x 2.54 cm", "en": [20, 50, 100, 200, 500, 1000, 2000, 4000], "abs_eff": [99.88, 99.88, 99.92999999999999, 97.02, 68.62, 53.71, 42.14, 37.24], "ph_eff": [67.50100120144174, 79.80576692030436, 93.80566396477535, 95.3102453102453, 63.480034975225884, 39.452615900204805, 26.150925486473657, 15.252416756176155]}, "q_52_3": {"size": "5.1 x 5.1 x 3 cm", "en": [20, 50, 100, 200, 500, 1000, 2000, 4000], "abs_eff": [99.87, 99.92, 99.9, 98.42, 75.12, 59.07, 48.36, 42.57], "ph_eff": [67.63792930810052, 80.13410728582866, 93.94394394394394, 95.76305628937209, 65.88125665601704, 42.49195869307601, 28.225806451612907, 16.772374911909797]}}