{"a": {"size": "1\" x 1\"", "en": [20, 50, 100, 200, 500, 1000, 2000, 4000], "abs_eff": [99.8, 100.0, 100.0, 96.39999999999999, 69.1, 51.7, 44.6, 36.3], "ph_eff": [65.7, 82.0, 94.3, 90.0, 37.0, 16.0, 6.2, 2.7]}, "b": {"size": "2\" x 2\"", "en": [20, 50, 100, 200, 500, 1000, 2000, 4000], "abs_eff": [100.0, 100.0, 100.0, 99.9, 90.2, 81.2, 66.10000000000001, 58.9], "ph_eff": [69.3, 79.5, 94.1, 96.7, 67.10000000000001, 43.1, 22.2, 12.0]}, "c": {"size": "3\" x 3\"", "en": [20, 50, 100, 200, 500, 1000, 2000, 4000], "abs_eff": [99.8, 100.0, 99.8, 100.0, 96.8, 89.5, 81.10000000000001, 73.7], "ph_eff": [67.9, 80.30000000000001, 93.10000000000001, 97.8, 82.8, 58.8, 42.3, 26.200000000000003]}}