{"q_70_1": {"size": "7.0 x 7.0 x 1 cm", "en": [20, 50, 100, 200, 500, 1000, 2000, 4000], "abs_eff": [99.92999999999999, 99.92999999999999, 99.79, 75.08, 37.46, 26.33, 20.09, 17.54], "ph_eff": [67.62733913739618, 79.51566096267388, 94.08758392624512, 88.50559403303143, 44.34063000533903, 24.116976832510446, 14.186162269785962, 6.955530216647662]}, "q_70_2": {"size": "7.0 x 7.0 x 2 cm", "en": [20, 50, 100, 200, 500, 1000, 2000, 4000], "abs_eff": [99.9, 99.91, 99.94, 93.45, 60.01, 45.46, 36.3, 30.330000000000002], "ph_eff": [67.87787787787788, 79.96196576919228, 93.9263558134881, 94.21080791867308, 60.12331278120313, 37.725472943246814, 25.399449035812673, 13.748763600395646]}, "q_70_2.54": {"size": "7.0 x 7.0 x 2.54 cm", "en": [20, 50, 100, 200, 500, 1000, 2000, 4000], "abs_eff": [99.86, 99.92, 99.91, 96.85000000000001, 69.15, 53.43, 42.22, 36.84], "ph_eff": [68.51592229120769, 79.76381104883907, 93.82444199779802, 95.44656685596283, 65.0469992769342, 42.26090211491672, 27.5698720985315, 16.856677524429966]}, "q_70_3": {"size": "7.0 x 7.0 x 3 cm", "en": [20, 50, 100, 200, 500, 1000, 2000, 4000], "abs_eff": [99.83, 99.87, 99.94, 98.16, 74.45, 59.67, 47.96, 41.71], "ph_eff": [68.63668236001203, 79.17292480224292, 94.01640984590755, 96.2917685411573, 68.60980523841505, 47.05882352941176, 30.796497080900753, 20.810357228482378]}}